{
    "depth": 9.0,
    "iterations": 460.0,
    "l2_leaf_reg": 1.804241657750219,
    "learning_rate": 0.24154316133748577
}