{
  "0": {
    "precision": 0.32559010865492694,
    "recall": 0.5276259866423801,
    "f1-score": 0.40268767377201115,
    "support": 1647.0
  },
  "1": {
    "precision": 0.5289076644538322,
    "recall": 0.5500188276641145,
    "f1-score": 0.5392567068668471,
    "support": 7967.0
  },
  "2": {
    "precision": 0.017033356990773598,
    "recall": 0.3333333333333333,
    "f1-score": 0.03241053342336259,
    "support": 72.0
  },
  "3": {
    "precision": 0.9993398215388547,
    "recall": 0.9576539254300933,
    "f1-score": 0.9780528981429375,
    "support": 49001.0
  },
  "4": {
    "precision": 0.2718208564890487,
    "recall": 0.4120416253716551,
    "f1-score": 0.32755564309631674,
    "support": 4036.0
  },
  "5": {
    "precision": 0.841617673258507,
    "recall": 0.9362798533346547,
    "f1-score": 0.8864286719519632,
    "support": 10091.0
  },
  "6": {
    "precision": 0.43535496003761165,
    "recall": 0.4331150608044902,
    "f1-score": 0.434232121922626,
    "support": 6414.0
  },
  "7": {
    "precision": 0.2595566977192419,
    "recall": 0.5401069518716578,
    "f1-score": 0.35061835539162506,
    "support": 1496.0
  },
  "8": {
    "precision": 0.9995990700912504,
    "recall": 0.9872731905122956,
    "f1-score": 0.993397897519926,
    "support": 325769.0
  },
  "9": {
    "precision": 0.9756304805927537,
    "recall": 0.9180605750471743,
    "f1-score": 0.9459704394536077,
    "support": 31267.0
  },
  "10": {
    "precision": 0.9965109223300971,
    "recall": 0.9460964579592699,
    "f1-score": 0.9706495131237409,
    "support": 104149.0
  },
  "11": {
    "precision": 0.2830748927746618,
    "recall": 0.49154969922658265,
    "f1-score": 0.35925887155867264,
    "support": 3491.0
  },
  "12": {
    "precision": 0.018779342723004695,
    "recall": 0.2962962962962963,
    "f1-score": 0.03532008830022075,
    "support": 27.0
  },
  "13": {
    "precision": 0.5750394944707741,
    "recall": 0.5769274312238197,
    "f1-score": 0.5759819157954225,
    "support": 8833.0
  },
  "14": {
    "precision": 0.1854658938921088,
    "recall": 0.6162962962962963,
    "f1-score": 0.2851267991775189,
    "support": 675.0
  },
  "15": {
    "precision": 0.05229793977812995,
    "recall": 0.5,
    "f1-score": 0.09469153515064563,
    "support": 132.0
  },
  "accuracy": 0.9423420956389048,
  "macro avg": {
    "precision": 0.4853511984872236,
    "recall": 0.6264172194383821,
    "f1-score": 0.5132274790404653,
    "support": 555067.0
  },
  "weighted avg": {
    "precision": 0.959559133626613,
    "recall": 0.9423420956389048,
    "f1-score": 0.9499751428993096,
    "support": 555067.0
  }
}