{
  "0": {
    "precision": 0.37102338060559603,
    "recall": 0.5877352762598664,
    "f1-score": 0.4548872180451128,
    "support": 1647.0
  },
  "1": {
    "precision": 0.6288707799767171,
    "recall": 0.6780469436425254,
    "f1-score": 0.6525336715588573,
    "support": 7967.0
  },
  "2": {
    "precision": 0.02902757619738752,
    "recall": 0.2777777777777778,
    "f1-score": 0.052562417871222074,
    "support": 72.0
  },
  "3": {
    "precision": 0.9954726241854954,
    "recall": 0.96026611701802,
    "f1-score": 0.9775524831461841,
    "support": 49001.0
  },
  "4": {
    "precision": 0.31416666666666665,
    "recall": 0.4670465807730426,
    "f1-score": 0.3756476683937824,
    "support": 4036.0
  },
  "5": {
    "precision": 0.8790262865605332,
    "recall": 0.9411356654444555,
    "f1-score": 0.9090212969609954,
    "support": 10091.0
  },
  "6": {
    "precision": 0.48027773674102525,
    "recall": 0.506859993763642,
    "f1-score": 0.49321095350072064,
    "support": 6414.0
  },
  "7": {
    "precision": 0.3486015403323875,
    "recall": 0.5748663101604278,
    "f1-score": 0.43401463537723944,
    "support": 1496.0
  },
  "8": {
    "precision": 0.9984294069539789,
    "recall": 0.9893544198496481,
    "f1-score": 0.9938711980227483,
    "support": 325769.0
  },
  "9": {
    "precision": 0.9744580239102201,
    "recall": 0.9358748840630697,
    "f1-score": 0.9547768206734534,
    "support": 31267.0
  },
  "10": {
    "precision": 0.993717246009399,
    "recall": 0.9521934920162459,
    "f1-score": 0.9725123316956449,
    "support": 104149.0
  },
  "11": {
    "precision": 0.3236837343947892,
    "recall": 0.5124606130048697,
    "f1-score": 0.3967620314925704,
    "support": 3491.0
  },
  "12": {
    "precision": 0.037037037037037035,
    "recall": 0.2962962962962963,
    "f1-score": 0.06584362139917696,
    "support": 27.0
  },
  "13": {
    "precision": 0.6169853174184008,
    "recall": 0.6612702366127023,
    "f1-score": 0.638360655737705,
    "support": 8833.0
  },
  "14": {
    "precision": 0.28292046936114734,
    "recall": 0.642962962962963,
    "f1-score": 0.3929379809868719,
    "support": 675.0
  },
  "15": {
    "precision": 0.12778904665314403,
    "recall": 0.4772727272727273,
    "f1-score": 0.2016,
    "support": 132.0
  },
  "accuracy": 0.950885208452313,
  "macro avg": {
    "precision": 0.5250929295627453,
    "recall": 0.6538387685573924,
    "f1-score": 0.5603809365538928,
    "support": 555067.0
  },
  "weighted avg": {
    "precision": 0.9623195216901838,
    "recall": 0.950885208452313,
    "f1-score": 0.9558909746231827,
    "support": 555067.0
  }
}