{
  "0": {
    "precision": 0.35519713261648744,
    "recall": 0.6017000607164542,
    "f1-score": 0.4466982195176921,
    "support": 1647.0
  },
  "1": {
    "precision": 0.6243592600846891,
    "recall": 0.7032760135559182,
    "f1-score": 0.6614721681128622,
    "support": 7967.0
  },
  "2": {
    "precision": 0.05597964376590331,
    "recall": 0.3055555555555556,
    "f1-score": 0.09462365591397849,
    "support": 72.0
  },
  "3": {
    "precision": 0.9997657431266904,
    "recall": 0.9580620803657068,
    "f1-score": 0.9784697471810584,
    "support": 49001.0
  },
  "4": {
    "precision": 0.28194956078209127,
    "recall": 0.4930624380574827,
    "f1-score": 0.35875247881737876,
    "support": 4036.0
  },
  "5": {
    "precision": 0.8750462107208873,
    "recall": 0.9382618174611039,
    "f1-score": 0.9055521017646215,
    "support": 10091.0
  },
  "6": {
    "precision": 0.44509497788186314,
    "recall": 0.5333645151231681,
    "f1-score": 0.48524822695035463,
    "support": 6414.0
  },
  "7": {
    "precision": 0.34811715481171546,
    "recall": 0.5561497326203209,
    "f1-score": 0.42820380854348944,
    "support": 1496.0
  },
  "8": {
    "precision": 0.9999471767527996,
    "recall": 0.9878502865527413,
    "f1-score": 0.9938619233875389,
    "support": 325769.0
  },
  "9": {
    "precision": 0.9788262138854401,
    "recall": 0.9329324847283078,
    "f1-score": 0.9553284862775921,
    "support": 31267.0
  },
  "10": {
    "precision": 0.9984425881353532,
    "recall": 0.9479495722474531,
    "f1-score": 0.9725411390378809,
    "support": 104149.0
  },
  "11": {
    "precision": 0.30140982012639767,
    "recall": 0.5327986250358063,
    "f1-score": 0.3850134547712689,
    "support": 3491.0
  },
  "12": {
    "precision": 0.04294478527607362,
    "recall": 0.25925925925925924,
    "f1-score": 0.07368421052631578,
    "support": 27.0
  },
  "13": {
    "precision": 0.6256769671870023,
    "recall": 0.6670440393977132,
    "f1-score": 0.6456986301369863,
    "support": 8833.0
  },
  "14": {
    "precision": 0.322007722007722,
    "recall": 0.6177777777777778,
    "f1-score": 0.4233502538071066,
    "support": 675.0
  },
  "15": {
    "precision": 0.12895927601809956,
    "recall": 0.4318181818181818,
    "f1-score": 0.1986062717770035,
    "support": 132.0
  },
  "accuracy": 0.9498222737074984,
  "macro avg": {
    "precision": 0.523982764573701,
    "recall": 0.6541789025170595,
    "f1-score": 0.5629440485326955,
    "support": 555067.0
  },
  "weighted avg": {
    "precision": 0.9639456239540697,
    "recall": 0.9498222737074984,
    "f1-score": 0.9558983846779181,
    "support": 555067.0
  }
}