{
  "0": {
    "precision": 0.41184448462929474,
    "recall": 0.5531268973891925,
    "f1-score": 0.472143042238922,
    "support": 1647.0
  },
  "1": {
    "precision": 0.6094026157652881,
    "recall": 0.6491778586670014,
    "f1-score": 0.6286617235930473,
    "support": 7967.0
  },
  "2": {
    "precision": 0.034403669724770644,
    "recall": 0.20833333333333334,
    "f1-score": 0.05905511811023622,
    "support": 72.0
  },
  "3": {
    "precision": 0.9923664122137404,
    "recall": 0.9630415705801922,
    "f1-score": 0.9774841021604491,
    "support": 49001.0
  },
  "4": {
    "precision": 0.3326844806228986,
    "recall": 0.4658077304261645,
    "f1-score": 0.38814906575823266,
    "support": 4036.0
  },
  "5": {
    "precision": 0.8970602226239178,
    "recall": 0.9343969874145278,
    "f1-score": 0.9153480244636443,
    "support": 10091.0
  },
  "6": {
    "precision": 0.45266194597429843,
    "recall": 0.5381976925475522,
    "f1-score": 0.49173789173789173,
    "support": 6414.0
  },
  "7": {
    "precision": 0.38203309692671394,
    "recall": 0.5401069518716578,
    "f1-score": 0.4475214621988369,
    "support": 1496.0
  },
  "8": {
    "precision": 0.9983597577393128,
    "recall": 0.9902507605082129,
    "f1-score": 0.9942887260129575,
    "support": 325769.0
  },
  "9": {
    "precision": 0.9749314661294052,
    "recall": 0.9440624300380593,
    "f1-score": 0.9592486676199142,
    "support": 31267.0
  },
  "10": {
    "precision": 0.9894148983572794,
    "recall": 0.9594139166002554,
    "f1-score": 0.9741834844496442,
    "support": 104149.0
  },
  "11": {
    "precision": 0.33699410209477326,
    "recall": 0.47464909767974794,
    "f1-score": 0.3941484300666032,
    "support": 3491.0
  },
  "12": {
    "precision": 0.03626943005181347,
    "recall": 0.25925925925925924,
    "f1-score": 0.06363636363636363,
    "support": 27.0
  },
  "13": {
    "precision": 0.6360161393077086,
    "recall": 0.6781387976904789,
    "f1-score": 0.6564023889101968,
    "support": 8833.0
  },
  "14": {
    "precision": 0.32974316487158245,
    "recall": 0.5896296296296296,
    "f1-score": 0.42295430393198724,
    "support": 675.0
  },
  "15": {
    "precision": 0.14857142857142858,
    "recall": 0.3939393939393939,
    "f1-score": 0.2157676348547718,
    "support": 132.0
  },
  "accuracy": 0.9530272922007613,
  "macro avg": {
    "precision": 0.5351723322252642,
    "recall": 0.6338457692234162,
    "f1-score": 0.5662956518589812,
    "support": 555067.0
  },
  "weighted avg": {
    "precision": 0.9617481227810577,
    "recall": 0.9530272922007613,
    "f1-score": 0.956940584510578,
    "support": 555067.0
  }
}